product_id,brand_name,product_title,product_tags,product_url,price,avg_product_rating,product_rating_count,n_reviews,mean_review_rating,pct_is_a_buyer
692836,Kay Beauty,Kay Beauty Quick Dry Liquid Eyeliner,,https://www.nykaa.com/kay-beauty-eye-stylist-liquid-eyeliner/p/692836,399.0,4.4,9552,800,5.0,1.0
766520,Kay Beauty,Kay Beauty Matte HD Setting Loose Powder,,https://www.nykaa.com/kay-beauty-hd-setting-loose-powder/p/766520,599.0,4.5,4997,800,4.67375,1.0
1229442,Kay Beauty,Kay Beauty Hydrating Foundation,"FEATURED, BESTSELLER",https://www.nykaa.com/kay-beauty-hydrating-foundation/p/1229442,900.0,4.4,4577,800,4.74125,1.0
626907,Kay Beauty,Kay Beauty Nail Nourish Nail Enamel Polish,BESTSELLER,https://www.nykaa.com/kay-beauty-nail-nourish-nail-enamel-polish/p/626907,169.0,4.3,22495,800,5.0,1.0
573594,Kay Beauty,Kay Beauty Waterproof 24 Hour Kajal - Spade - Black,BESTSELLER,https://www.nykaa.com/kay-kohlstar-kajal-spade/p/573594,249.0,4.5,14815,800,5.0,1.0
5360837,Herbal Essences,Herbal Essences Argan Oil Of Morocco Shampoo - For Frizz Free Hair - Paraben Free,"FEATURED, BESTSELLER",https://www.nykaa.com/herbal-essences-argan-oil-of-morocco-shampoo-for-frizz-free-hair-paraben-free/p/5360837,390.0,4.3,8769,800,4.95125,1.0
598027,Kay Beauty,Kay Beauty Metallic Eyeshadow Stick Pencil,,https://www.nykaa.com/kay-beauty-metal-show-eyeshadow-stick/p/598027,449.0,4.5,7879,800,5.0,1.0
573572,Kay Beauty,Kay Beauty Matte Action Lip Liner,,https://www.nykaa.com/kay-matte-action-lip-pencil/p/573572,413.0,4.5,5372,800,4.88125,1.0
573181,Kay Beauty,Kay Beauty Matteinee Matte Lip Crayon Lipstick,BESTSELLER,https://www.nykaa.com/kay-matteinee-lip-crayon/p/573181,639.0,4.3,15040,800,5.0,1.0
654428,Kay Beauty,Kay Beauty Contour Stick,,https://www.nykaa.com/kay-beauty-contour-stick/p/654428,509.0,4.3,5927,800,4.71875,1.0
1080669,Kay Beauty,Kay Beauty Matte Blush,,https://www.nykaa.com/kay-beauty-matte-blush/p/1080669,639.0,4.5,4619,800,4.88625,1.0
1010793,Kay Beauty,Kay Beauty Matte Drama Long Stay Lipstick,"FEATURED, BESTSELLER",https://www.nykaa.com/kay-beauty-matte-lipstick/p/1010793,749.0,4.4,3696,797,4.500627352572145,0.7741530740276035
5360839,Herbal Essences,Herbal Essences Argan Oil Of Morocco Conditioner - For Frizz Free Hair - Paraben Free,"FEATURED, BESTSELLER",https://www.nykaa.com/herbal-essences-argan-oil-of-morocco-conditioner-for-frizz-free-hair-paraben-free/p/5360839,390.0,4.4,5130,789,4.3510773130545,0.9239543726235742
44879,Lakme,Lakme Enrich Matte Lipstick,,https://www.nykaa.com/lakme-enrich-matte-lipstick/p/44879,320.0,4.0,7829,780,4.688461538461539,1.0
785729,Nykaa Naturals,Nykaa Skin Secrets Tea Tree & Salicylic Acid Spot Patch,BESTSELLER,https://www.nykaa.com/nykaa-skin-secrets-spot-on-tea-tree-salicylic-acid-pimple-patch-old/p/785729,90.0,3.8,8212,780,4.358974358974359,1.0
286417,Nykaa Cosmetics,Nykaa Metal Addict Makeup Bag - Blushing Gold,,https://www.nykaa.com/nykaa-metal-addict-makeup-bag-blushing-gold/p/286417,300.0,4.0,10935,780,5.0,1.0
48066,Maybelline New York,Maybelline New York The Blushed Nudes Eye Shadow Palette,,https://www.nykaa.com/maybelline-new-york-the-blushed-nudes-palette/p/48066,749.0,4.1,10719,780,4.691025641025641,1.0
220091,Nykaa Cosmetics,Nykaa GLAMOReyes Coloured Liquid Eyeliner - 05 Dragon's Heart,,https://www.nykaa.com/nykaa-glamoreyes-liquid-eyeliner-05-dragon-s-heart/p/220091,239.0,3.9,11413,780,4.925641025641026,1.0
26651,Maybelline New York,Maybelline New York Fashion Brow Duo Shaper,,https://www.nykaa.com/maybelline-fashion-brow-duo-shaper/p/26651,305.0,4.0,3925,780,4.665384615384616,1.0
160488,L'Oreal Paris,L'Oreal Paris Magic Retouch Instant Root Concealer Spray,BESTSELLER,https://www.nykaa.com/l-oreal-paris-magic-retouch-instant-root-concealer/p/160488,299.0,4.1,8981,780,4.725641025641026,1.0
18423,Maybelline New York,Maybelline New York The Colossal Liner - Black,,https://www.nykaa.com/maybelline-the-colossal-liner/p/18423,247.0,4.1,14332,780,5.0,1.0
1139,Lakme,Lakme True Wear Nail Color,,https://www.nykaa.com/lakme-true-wear-nail-color/p/1139,125.0,4.1,11663,780,4.682051282051282,1.0
513103,Nykaa Cosmetics,Masaba By Nykaa Lipstick,,https://www.nykaa.com/masaba-by-nykaa-lipstick/p/513103,300.0,4.1,11653,780,5.0,1.0
222623,Nykaa Cosmetics,Nykaa Bling It On Pouch,,https://www.nykaa.com/nykaa-bling-it-on-pouch/p/222623,225.0,4.0,7423,780,4.961538461538462,1.0
361744,NYX Professional Makeup,NYX Professional Makeup Powder Puff Lippie Cream,BESTSELLER,https://www.nykaa.com/nyx-professional-makeup-powder-puff-lippie-cream/p/361744,488.0,3.9,6672,780,4.825641025641025,1.0
248367,Nykaa Cosmetics,Nykaa Party Edit Clutch,,https://www.nykaa.com/nykaa-party-edit-clutch/p/248367,749.0,4.1,2600,778,4.493573264781491,0.6915167095115681
189912,Lakme,Lakme Absolute Argan Oil Serum Foundation With SPF 45,,https://www.nykaa.com/lakme-absolute-argan-oil-serum-foundation-with-spf-45/p/189912,660.0,4.1,2732,777,4.398970398970399,0.4337194337194337
1066972,Nykaa Cosmetics,Nykaa Cosmetics Masaba By Nykaa Mini Pocket Perfume,,https://www.nykaa.com/nykaa-cosmetics-masaba-by-nykaa-mini-pocket-perfume/p/1066972,224.0,4.1,4782,776,3.854381443298969,1.0
981,Lakme,Lakme Kajal - Black,,https://www.nykaa.com/lakme-kajal/p/981,75.0,4.1,6197,776,4.266752577319588,0.6907216494845361
139821,Nykaa Cosmetics,Nykaa SKINgenius Skin Perfecting & Hydrating Matte Powder Compact - Rose Beige 02,,https://www.nykaa.com/nykaa-skingenius-skin-perfecting-hydrating-matte-powder-compact-rose-beige-02/p/139821,446.0,4.1,4910,772,4.449481865284974,0.8186528497409327
8078,Nivea,"NIVEA Sun Lotion, SPF 50, with UVA & UVB Protection, Water Resistant Sunscreen",,https://www.nykaa.com/nivea-moisturising-sun-lotion-spf-50/p/8078,342.0,4.1,4431,771,3.974059662775616,0.8702983138780804
189962,Maybelline New York,Maybelline New York Facestudio Master Strobing Cream,,https://www.nykaa.com/maybelline-new-york-facestudio-master-strobing-cream/p/189962,665.0,4.1,3106,770,4.12077922077922,0.948051948051948
73008,Maybelline New York,Maybelline New York V-Face Duo Stick,,https://www.nykaa.com/maybelline-new-york-v-face-duo-stick/p/73008,670.0,3.8,3130,769,3.9232769830949286,0.7399219765929779
266374,L'Oreal Paris,L'Oreal Paris Excellence Fashion Highlights Hair Color,,https://www.nykaa.com/l-oreal-paris-excellence-fashion-highlights-hair-color/p/266374,350.0,3.9,2501,769,4.027308192457737,0.8179453836150845
626493,Nykaa Cosmetics,Nykaa Wing In A Blink Eyeliner Pen - Dark Knight 01,,https://www.nykaa.com/nykaa-wing-in-a-blink-eyeliner-pen-dark-knight-01/p/626493,439.0,3.9,4124,766,3.685378590078329,0.9477806788511749
654419,Kay Beauty,Kay Beauty Colour Corrector Stick,,https://www.nykaa.com/kay-beauty-colour-corrector-stick/p/654419,449.0,3.9,2608,765,3.9163398692810456,0.7124183006535948
834303,Kay Beauty,Kay Beauty Illuminating Highlighter,,https://www.nykaa.com/kay-beauty-illuminating-highlighter/p/834303,639.0,4.1,3242,763,4.6684141546526865,0.7640891218872871
24093,Lakme,Lakme Enrich Satin Lipstick,,https://www.nykaa.com/lakme-enrich-satin-lipstick/p/24093,260.0,4.1,2728,762,4.468503937007874,0.3700787401574803
5360838,Herbal Essences,Herbal Essences Strawberry & Mint Shampoo - For Cleansing & Volume - Paraben Free,BESTSELLER,https://www.nykaa.com/herbal-essences-strawberry-mint-shampoo-for-cleansing-volume-paraben-free/p/5360838,390.0,4.1,2502,758,3.8733509234828496,0.5620052770448549
68138,Nykaa Cosmetics,Nykaa Dual Tone Nail Enamel Remover,,https://www.nykaa.com/nykaa-dual-tone-nail-enamel-remover/p/68138,99.0,3.8,3377,749,2.7556742323097465,0.6635514018691588
787778,Nykaa Cosmetics,Nykaa Matte to Last! Mini Liquid Lipstick - Jhumki 14,,https://www.nykaa.com/nykaa-matte-to-last-mini-liquid-lipstick-jhumki-14/p/787778,203.0,3.9,80807,735,5.0,1.0
564436,Nykaa Cosmetics,Nykaa Lash Talk False Eyelash - Major Length,,https://www.nykaa.com/nykaa-lash-talk-major-length/p/564436,149.0,3.9,11381,719,5.0,1.0
950973,Nykaa Cosmetics,Nykaa Matte to Last! Mini Metallic Liquid Lipstick and Eyeshadow,,https://www.nykaa.com/nykaa-matte-to-last-mini-metallic-liquid-lipstick-and-eyeshadow/p/950973,125.0,3.6,6053,716,3.717877094972067,0.7541899441340782
452442,Herbal Essences,Herbal Essences Coconut Milk Shampoo For Hydration & Softness - No Parabens- No Colourants,BESTSELLER,https://www.nykaa.com/herbal-essences-coconut-milk-shampoo-for-hydration-softness-no-parabens-no-colourants-400ml/p/452442,390.0,4.2,2077,710,4.126760563380282,0.5577464788732395
1129386,Kay Beauty,Kay Beauty Matte Compact,"FEATURED, BESTSELLER",https://www.nykaa.com/kay-beauty-matte-compact/p/1129386,639.0,4.4,2857,698,4.454154727793696,0.6833810888252149
196392,Nykaa Cosmetics,Nykaa Get Winged! Sketch Eyeliner Pen - Black Swan 01,,https://www.nykaa.com/nykaa-get-winged-eyeliner-black-swan-01/p/196392,360.0,3.8,2141,696,3.7902298850574714,0.4410919540229885
41880,NYX Professional Makeup,NYX Professional Makeup Liquid Suede Cream Lipstick,,https://www.nykaa.com/nyx-professional-makeup-liquid-suede-cream-lipstick/p/41880,850.0,4.0,1191,685,4.125730994152047,0.4364963503649635
1268,Lakme,Lakme Face Sheer Blusher,,https://www.nykaa.com/lakme-face-sheer-blush/p/1268,383.0,4.1,3370,661,4.009077155824508,0.5158850226928896
347365,Nykaa Cosmetics,Nykaa SKINgenius BB Cream SPF30,,https://www.nykaa.com/nykaa-skingenius-bb-cream-spf30/p/347365,262.0,3.5,9718,652,3.957055214723926,1.0
42142,NYX Professional Makeup,NYX Professional Makeup Born To Glow Liquid Illuminator,"FEATURED, BESTSELLER",https://www.nykaa.com/nyx-professional-makeup-born-to-glow-liquid-illuminator/p/42142,723.0,4.1,2058,623,4.08346709470305,0.5184590690208668
551016,Nykaa Cosmetics,Nykaa Strobe & Glow Liquid Highlighter,,https://www.nykaa.com/nykaa-strobe-glow-liquid-highlighter/p/551016,559.0,4.1,8720,621,4.993558776167472,1.0
1324436,Kay Beauty,Kay Beauty Eyeshadow Palette,FEATURED,https://www.nykaa.com/kay-beauty-eyekanvas-eyeshadow-palette/p/1324436,959.0,4.6,2181,606,4.6716171617161715,0.6287128712871287
684657,Lakme,Lakme Absolute Kohl Ultimate The Gelato Collection,,https://www.nykaa.com/lakme-absolute-kohl-ultimate-the-gelato-collection/p/684657,400.0,4.1,1654,603,4.061359867330016,0.6003316749585407
692818,Kay Beauty,Kay Beauty Ultra Black Volume & Length Mascara - Midnight,,https://www.nykaa.com/kay-beauty-volume-length-mascara-midnight/p/692818,679.0,4.5,1760,570,4.524561403508772,0.5087719298245614
139993,L'Oreal Paris,L'Oreal Paris Infallible Pro-Spray & Set Makeup Extender,,https://www.nykaa.com/l-oreal-paris-infallible-pro-spray-set-makeup-extender/p/139993,999.0,4.1,1746,559,4.137745974955277,0.5885509838998211
209282,Nykaa Cosmetics,Nykaa SKINgenius Foundation Stick Conceal Contour & Corrector - Toffee Chisel 07,,https://www.nykaa.com/nykaa-skingenius-foundation-stick-toffee-chisel-07/p/209282,446.0,4.0,6524,556,4.613309352517986,1.0
422905,Nykaa Cosmetics,Nykaa Serial Kisser Lip Balm - Raspberry,,https://www.nykaa.com/nykaa-serial-kisser-lip-balm-raspberry/p/422905,112.0,4.0,16264,545,5.0,1.0
1124808,Nykaa Cosmetics,Nykaa Paintstix! Waterproof Matte Lipstick - Polka Dots,,https://www.nykaa.com/nykaa-cosmetics-nykaa-painstix-color-care-polka-dots/p/1124808,374.0,4.1,11956,544,5.0,1.0
569411,Nykaa Cosmetics,Nykaa Matte to Last! Metallic Liquid Lipstick and Eyeshadow,,https://www.nykaa.com/nykaa-matte-to-last-metallic-liquid-lipstick/p/569411,313.0,4.0,1890,509,4.280943025540275,0.6149312377210217
176376,Maybelline New York,Maybelline New York Face Studio Master Contour Palette,,https://www.nykaa.com/maybelline-new-york-face-studio-master-contour-palette/p/176376,950.0,4.1,1074,489,4.25562372188139,0.5766871165644172
18744,L'Oreal Paris,L'Oreal Paris Age 20+ Skin Perfect Cream UV Filters,,https://www.nykaa.com/l-oreal-paris-age-20-skin-perfect-cream-uv-filters/p/18744,115.0,4.1,2735,488,3.9610655737704916,0.7274590163934426
5093150,Kay Beauty,Kay Beauty Creme Blush,"FEATURED, BESTSELLER",https://www.nykaa.com/kay-beauty-creme-blush-sweetheart-pink/p/5093150,799.0,4.5,2010,486,4.537037037037037,0.6872427983539094
1290,Lakme,Lakme Absolute White Intense SPF 20 Concealer Stick,,https://www.nykaa.com/lakme-absolute-white-intense-concealer-stick-spf-20/p/1290,560.0,3.8,1200,458,3.576419213973799,0.2576419213973799
315084,Nykaa Cosmetics,Nykaa Bling It On! Mini Travel-Size Makeup Pouch - Stormy Goddess,,https://www.nykaa.com/nykaa-bling-it-on-mini-travel-size-makeup-bag-stormy-goddess/p/315084,169.0,3.7,8320,454,4.407488986784141,1.0
435129,Maybelline New York,Maybelline New York Shine Compulsion Lipstick,,https://www.nykaa.com/maybelline-new-york-shine-compulsion-lipstick/p/435129,550.0,3.6,1667,440,3.9545454545454546,0.6568181818181819
1017,Lakme,Lakme Lip Gloss,,https://www.nykaa.com/lakme-lip-gloss/p/1017,200.0,4.0,1363,428,3.9742990654205608,0.6144859813084113
288288,Maybelline New York,Maybelline New York Color Sensational Matte Metallic Lipstick,,https://www.nykaa.com/maybelline-new-york-color-sensational-matte-metallic-lipstick/p/288288,475.0,4.0,1027,423,4.208037825059102,0.6761229314420804
461912,Nykaa Cosmetics,Nykaa So Matte! Mini Lipstick - 26 M Bon Bon,,https://www.nykaa.com/nykaa-so-matte-mini-lipstick-26-m-bon-bon/p/461912,179.0,4.0,98477,419,5.0,1.0
648691,Maybelline New York,Maybelline New York Tattoo Studio Gel Eyeliner Pencil,,https://www.nykaa.com/maybelline-new-york-tattoo-studio-gel-eyeliner-pencil/p/648691,325.0,4.0,1464,417,3.935251798561151,0.6882494004796164
452443,Herbal Essences,"Herbal Essences Cocoa Butter Shampoo For Hair Strengthening - No Parabens, No Colourants",,https://www.nykaa.com/herbal-essences-cocoa-butter-shampoo-for-hair-strengthening-no-parabens-no-colourants-400ml/p/452443,390.0,4.3,1206,411,4.2798053527980535,0.559610705596107
452448,Herbal Essences,Herbal Essences Bio:Renew Hydrate Coconut Milk Conditioner,,https://www.nykaa.com/herbal-essences-bio-renew-hydrate-coconut-milk-conditioner-400ml/p/452448,423.0,4.4,1117,410,4.507317073170731,0.48292682926829267
42114,NYX Professional Makeup,NYX Professional Makeup Wonder Stick,,https://www.nykaa.com/nyx-professional-makeup-wonder-stick/p/42114,835.0,3.8,1131,398,3.9321608040201004,0.4623115577889447
374235,Nykaa Cosmetics,Nykaa So Matte! Mini Lipstick - 17 M Cranberry Sangria,,https://www.nykaa.com/nykaa-so-matte-mini-lipstick-17-m-cranberry-sangria/p/374235,159.0,4.0,98477,361,5.0,1.0
68508,Lakme,Lakme Absolute Illuminating Blush Shimmer Brick,,https://www.nykaa.com/lakme-absolute-illuminating-blush-shimmer-brick/p/68508,616.0,4.0,1309,353,4.524079320113314,0.49291784702549574
456559,Herbal Essences,"Herbal Essences Argan Oil Shampoo & Conditioner For Frizz - No Parabens, No Colourants","FEATURED, BESTSELLER",https://www.nykaa.com/herbal-essences-argan-oil-shampoo-conditioner-for-frizz-no-parabens-no-colourants-slash-save-hp2021/p/456559,688.0,4.3,10879,340,4.014705882352941,0.4
448344,Nykaa Cosmetics,Nykaa Oh My Brow! Eyebrow Mascara - Sirius Brown,,https://www.nykaa.com/nykaa-oh-my-brow-eyebrow-mascara-sirius-brown/p/448344,449.0,4.1,1442,335,4.262686567164179,0.7014925373134329
250,Maybelline New York,Maybelline New York Clear Smooth All in One UV+ Lightening Oil Control Two Way Cake SPF 32 PA+++,,https://www.nykaa.com/maybelline-clear-glow-pressed-powder/p/250,280.0,4.1,907,333,4.192192192192192,0.13213213213213212
315082,Nykaa Cosmetics,Nykaa Bling It On! Mini Travel-Size Makeup Pouch - Blushing Gold,,https://www.nykaa.com/nykaa-bling-it-on-mini-travel-size-makeup-bag-blushing-gold/p/315082,169.0,3.7,8320,326,5.0,1.0
479,L'Oreal Paris,L'Oreal Paris Infallible Le Rouge Lipstick,,https://www.nykaa.com/l-oreal-paris-infaillible-le-rouge-lipstick/p/479,990.0,4.1,766,319,4.3573667711598745,0.3949843260188088
2659739,Herbal Essences,Herbal Essences Argan Oil Of Moroccan Shampoo & Conditioner With Free Neem Comb,"FEATURED, BESTSELLER",https://www.nykaa.com/herbal-essences-argan-oil-of-moroccan-shampoo-conditioner-with-free-neem-comb/p/2659739,750.0,4.4,1008,317,4.305993690851735,0.7318611987381703
766529,Kay Beauty,Kay Beauty HD Translucent Loose Powder - White,,https://www.nykaa.com/kay-beauty-hd-translucent-loose-powder-white/p/766529,719.0,4.5,1497,315,4.5396825396825395,0.8634920634920635
5360840,Herbal Essences,Herbal Essences Strawberry & Mint Conditioner - For Cleansing & Volume - Paraben Free,,https://www.nykaa.com/herbal-essences-strawberry-mint-conditioner-for-cleansing-volume-paraben-free/p/5360840,277.0,4.3,1093,311,4.308681672025723,0.42765273311897106
861356,Maybelline New York,Maybelline New York Define & Blend Brow Pencil,,https://www.nykaa.com/maybelline-new-york-define-blend-brow-pencil/p/861356,295.0,3.9,2666,294,3.2312925170068025,0.8707482993197279
394618,Nykaa Cosmetics,Nykaa Contour & Conquer - Contour and Highlight Duo - Sizzle Chisel 01,,https://www.nykaa.com/nykaa-contour-conquer-contour-and-highlight-duo-sizzle-chisel-01/p/394618,559.0,4.1,1246,293,4.235494880546075,0.7508532423208191
353883,Maybelline New York,Maybelline New York Lasting Drama Light Eyeliner Pencil,,https://www.nykaa.com/maybelline-new-york-lasting-drama-light-eyeliner-pencil/p/353883,325.0,4.1,1034,290,4.027586206896552,0.6896551724137931
2662674,Kay Beauty,Kay Beauty Colour Correcting Primer,FEATURED,https://www.nykaa.com/kay-beauty-colour-correcting-primer/p/2662674,599.0,4.0,952,273,3.769230769230769,0.5824175824175825
5612,L'Oreal Paris,L'Oreal Paris Superliner Black Lacquer,,https://www.nykaa.com/l-oreal-superliner-black-lacquer/p/5612,799.0,4.0,805,256,4.03125,0.453125
4518371,Kay Beauty,Kay Beauty Hd Liquid Concealer,"FEATURED, BESTSELLER",https://www.nykaa.com/kay-beauty-hd-liquid-concealer/p/4518371,679.0,4.4,1237,255,4.631372549019608,0.5764705882352941
173656,NYX Professional Makeup,NYX Professional Makeup Suede Matte Lip Liner,,https://www.nykaa.com/nyx-professional-makeup-suede-matte-lip-liner/p/173656,450.0,4.0,572,244,4.090163934426229,0.5655737704918032
452449,Herbal Essences,Herbal Essences Bio:Renew Strength Whipped Cocoa Butter Conditioner,,https://www.nykaa.com/herbal-essences-bio-renew-strength-whipped-cocoa-butter-conditioner-400ml/p/452449,423.0,4.4,711,244,4.561475409836065,0.45901639344262296
1124796,Nykaa Cosmetics,Nykaa Paintstix! Waterproof Matte Lipstick - Flower Power,,https://www.nykaa.com/nykaa-cosmetics-nykaa-painstix-color-care-flower-power/p/1124796,424.0,4.1,11956,236,5.0,1.0
437390,Nykaa Cosmetics,Nykaa BlendPro Highlighting Fan Makeup Brush,,https://www.nykaa.com/nykaa-blendpro-highlighting-fan-makeup-brush/p/437390,319.0,3.9,1368,231,3.757575757575758,0.7705627705627706
1044490,Herbal Essences,"Herbal Essences Aloe & Eucalyptus Shampoo For Soft Smooth Hair, No- Sulphates, Paraben and Silicones",FEATURED,https://www.nykaa.com/herbal-essences-potent-aloe-eucalyptus-shampoo-sulphates-silicones-and-paraben-free-400ml/p/1044490,525.0,4.3,512,224,4.263392857142857,0.8839285714285714
209281,Nykaa Cosmetics,Nykaa SKINgenius Foundation Stick Conceal Contour & Corrector - Golden Hazelnut 06,,https://www.nykaa.com/nykaa-skingenius-foundation-stick-golden-hazelnut-06/p/209281,394.0,4.0,6524,224,5.0,1.0
1044491,Herbal Essences,Herbal Essences Aloe & Bamboo Conditioner Soft Smooth Hair- No- Sulphates and Paraben(400gm),,https://www.nykaa.com/herbal-essences-potent-aloe-bamboo-conditioner-sulphates-and-paraben-free-400ml/p/1044491,578.0,4.4,467,222,4.54954954954955,0.9504504504504504
465454,Olay,Olay Eye Cream - With Niacinamide & Pentapeptides,,https://www.nykaa.com/olay-ultimate-eye-cream-dark-circles-wrinkles-puffiness/p/465454,1444.0,4.0,771,221,3.8552036199095023,0.5565610859728507
1044492,Herbal Essences,"Herbal Essences Aloe & Bamboo Shampoo For Soft Smooth Hair, No-Sulphates, Paraben and Silicones",FEATURED,https://www.nykaa.com/herbal-essences-potent-aloe-bamboo-shampoo-sulphates-silicones-and-paraben-free-400ml/p/1044492,525.0,4.3,503,218,4.3119266055045875,0.8990825688073395
452475,Maybelline New York,Maybelline New York Color Sensational Satin Lipstick,,https://www.nykaa.com/maybelline-new-york-color-sensational-satin-lipstick/p/452475,499.0,3.5,1039,207,3.888888888888889,0.5893719806763285
422911,Nykaa Cosmetics,Nykaa Serial Kisser Lip Balm - Grape,,https://www.nykaa.com/nykaa-serial-kisser-lip-balm-grape/p/422911,119.0,4.0,16264,202,5.0,1.0
681194,L'Oreal Paris,L'Oreal Paris Infallible Ultra Matte Liquid Les Macarons Lipstick,,https://www.nykaa.com/l-oreal-paris-infallible-ultra-matte-liquid-les-macarons-lipstick/p/681194,799.0,4.1,714,193,4.119170984455959,0.7772020725388601
930436,Lakme,Lakme 9 To 5 Matte Moist Mattifying Moisturiser,,https://www.nykaa.com/lakme-9-to-5-matte-moist-mattifying-moisturiser-50-gm/p/930436,279.0,4.1,763,191,3.643979057591623,0.7120418848167539
417929,Nykaa Cosmetics,Nykaa BlendPro Powder Stippling Makeup Brush,,https://www.nykaa.com/nykaa-skin-secrets-sheet-mask/p/417929,449.0,3.8,693,184,3.8043478260869565,0.7065217391304348
277502,Nykaa Cosmetics,Nykaa All Thing Glam Makeup Bag - Pristine White,,https://www.nykaa.com/nykaa-all-thing-glam-makeup-bag-pristine-white/p/277502,225.0,3.8,1028,177,4.1525423728813555,0.6836158192090396
551015,Nykaa Cosmetics,Nykaa Strobe & Glow Liquid Highlighter - Blushed Moonlight,,https://www.nykaa.com/nykaa-strobe-glow-liquid-highlighter-blushed-moonlight/p/551015,699.0,4.1,8720,159,4.0,1.0
353931,L'Oreal Paris,L'Oreal Paris True Match BB Cream,,https://www.nykaa.com/l-oreal-paris-true-match-bb-creams/p/353931,670.0,4.1,587,154,4.266233766233766,0.6038961038961039
435111,L'Oreal Paris,L'Oreal Paris Flash Cat Eye Eyeliner - Black,,https://www.nykaa.com/l-oreal-paris-flash-cat-eye-eyeliner-black/p/435111,799.0,4.1,629,153,4.111111111111111,0.6993464052287581
42085,NYX Professional Makeup,NYX Professional Makeup Pore Filler,,https://www.nykaa.com/nyx-professional-makeup-pore-filler/p/42085,1450.0,4.1,446,150,4.206666666666667,0.2866666666666667
257862,L'Oreal Paris,L'Oreal Paris Infallible Gel Crayon Eyeliner,,https://www.nykaa.com/l-oreal-paris-infallible-gel-crayon-eyeliner/p/257862,429.0,4.1,417,147,4.129251700680272,0.5578231292517006
648648,L'Oreal Paris,L'Oreal Paris Matte Signature Eyeliner,,https://www.nykaa.com/l-oreal-paris-matte-signature-eyeliner/p/648648,650.0,4.0,526,131,3.595419847328244,0.8091603053435115
347361,Nykaa Cosmetics,Nykaa SKINgenius BB Cream SPF30 - Soft Beige 02,,https://www.nykaa.com/nykaa-skingenius-bb-cream-spf30-soft-beige-02/p/347361,297.0,3.5,9718,128,5.0,1.0
784419,Nykaa Naturals,Nykaa Woman Washable and Reusable Face Mask - Tropical,,https://www.nykaa.com/nykaa-washable-and-reusable-4-filter-mask/p/784419,299.0,3.6,664,127,3.0,0.7165354330708661
6028352,Lakme,Lakme 9to5 Primer + Matte Liquid Lip Color,,https://www.nykaa.com/lakme-9to5-primer-matte-liquid-lip-color/p/6028352,499.0,4.0,739,125,4.096,0.448
262993,Olay,Olay Total Effects Day Cream For Sensitive Skin - Niacinamide,,https://www.nykaa.com/olay-total-effects-7-in-one-touch-of-foundation-bb-creme-spf-15-50gm-new/p/262993,764.0,4.1,575,124,3.75,0.5725806451612904
64110,L'Oreal Paris,L'Oreal Paris Volume Million Lashes Waterproof Mascara,,https://www.nykaa.com/l-oreal-paris-volume-million-lashes-waterproof-mascara/p/64110,999.0,4.1,413,121,4.148760330578512,0.512396694214876
456560,Herbal Essences,"Herbal Essences Coconut Milk Shampoo & Conditioner For Hydration & Softness - No Parabens, No Colourants",,https://www.nykaa.com/herbal-essences-bio-renew-hydrate-coconut-milk-shampoo-conditioner-combo/p/456560,875.0,4.3,3665,118,4.220338983050848,0.3474576271186441
6583638,Kay Beauty,Kay Beauty Gel Eye Pencil,,https://www.nykaa.com/kay-beauty-gel-eye-pencil/p/6583638,599.0,4.4,606,117,4.641025641025641,0.5897435897435898
1474924,Lakme,Lakme Absolute Plush Matte Lip Crayon,,https://www.nykaa.com/lakme-absolute-plush-matte-lip-crayon/p/1474924,680.0,4.1,460,116,4.482758620689655,0.19827586206896552
5722072,Kay Beauty,Kay Beauty HD Liquid Colour Corrector,,https://www.nykaa.com/kay-beauty-hd-liquid-colour-corrector/p/5722072,679.0,4.4,565,113,4.584070796460177,0.6194690265486725
456563,Herbal Essences,"Herbal Essences Strawberry Shampoo & Conditioner For Volume - No Parabens, No Colourants",,https://www.nykaa.com/herbal-essences-bio-renew-clean-white-strawberry-sweet-mint-shampoo-conditioner-combo/p/456563,875.0,4.1,3009,98,3.693877551020408,0.30612244897959184
36379,L'Oreal Paris,L'Oreal Paris Infallible Mega Gloss,,https://www.nykaa.com/l-oreal-paris-infallible-mega-gloss/p/36379,830.0,4.1,167,96,4.125,0.3645833333333333
1473197,Nykaa Naturals,Nykaa Naturals CleanTouch 2 in 1 Face Brush & Massager for Deep Cleansing & Exfoliation - Pink,,https://www.nykaa.com/nykaa-face-cleansing-brush-pink/p/1473197,2249.0,3.9,240,96,4.354166666666667,0.3854166666666667
4432091,Nykaa Cosmetics,Nykaa Mini Skinshield Anti-pollution Matte Foundation,,https://www.nykaa.com/nykaa-cosmetics-mini-skinshield-anti-pollution-matte-foundation/p/4432091,169.0,4.1,952,87,4.252873563218391,0.8850574712643678
1171833,Nykaa Naturals,Nykaa Naturals Apple Cider Vinegar & Ginger Shampoo & Conditioner- Anti-Dandruff Combo,,https://www.nykaa.com/nykaa-naturals-anti-dandruff-combo/p/1171833,599.0,4.1,870,85,4.08235294117647,0.24705882352941178
343888,Nykaa Cosmetics,Nykaa Mermaid Squad Pouch,,https://www.nykaa.com/nykaa-mermaid-squad-pouch/p/343888,450.0,4.0,276,82,4.463414634146342,0.6707317073170732
9471,Lakme,Lakme Absolute Forever Silk Eyeliner,,https://www.nykaa.com/lakme-absolute-forever-silk-eyeliner/p/9471,395.0,3.4,270,80,3.9,0.275
14410,Lakme,Lakme Absolute Flutter Secrets Dramatic Eyes Mascara - Night Drama,,https://www.nykaa.com/lakme-absolute-flutter-secrets-dramatic-eyes-mascara/p/14410,659.0,4.0,214,78,3.8076923076923075,0.23076923076923078
456562,Herbal Essences,"Herbal Essences Cocoa Butter Shampoo & Conditioner For Hair Strengthening - No Parabens, No Colourants",,https://www.nykaa.com/herbal-essences-bio-renew-strength-whipped-cocoa-butter-shampoo-conditioner-combo/p/456562,875.0,4.3,2165,69,4.173913043478261,0.30434782608695654
564441,Nykaa Cosmetics,Nykaa Lash Talk False Eyelash,,https://www.nykaa.com/nykaa-lash-talk/p/564441,149.0,3.9,11381,61,5.0,1.0
4394259,L'Oreal Paris,L'Oreal Paris Casting Creme Gloss Ultra Visible Conditioning Hair Color,,https://www.nykaa.com/l-oreal-paris-casting-creme-gloss-ultra-visible-conditioning-hair-color/p/4394259,650.0,4.1,346,57,3.210526315789474,0.9649122807017544
4283093,Nykaa Naturals,Nykaa Naturals Mini Shampoo,,https://www.nykaa.com/nykaa-naturals-mini-shampoo/p/4283093,99.0,3.7,256,55,3.381818181818182,0.8545454545454545
822104,NYX Professional Makeup,NYX Professional Makeup Long Lasting Makeup Setting Spray Radiant Finish,,https://www.nykaa.com/nyx-professional-makeup-long-lasting-makeup-setting-spray-radiant-finish/p/822104,875.0,4.1,263,48,3.4791666666666665,0.9583333333333334
520376,Nykaa Cosmetics,Nykaa Matte To Last! Mini Liquid Lipstick - Maithili 25,,https://www.nykaa.com/nykaa-matte-to-last-mini-liquid-lipstick-maithili/p/520376,203.0,3.9,80807,45,5.0,1.0
277501,Nykaa Cosmetics,Nykaa All Thing Glam Makeup Bag - Golden Hour,,https://www.nykaa.com/nykaa-all-thing-glam-makeup-bag-golden-hour/p/277501,225.0,3.8,1028,41,4.951219512195122,0.8780487804878049
374233,Nykaa Cosmetics,Nykaa So Matte! Mini Lipstick - 30 M Regal Ruby,,https://www.nykaa.com/nykaa-so-matte-mini-lipstick-30-m-regal-ruby/p/374233,159.0,4.0,98477,41,4.341463414634147,0.07317073170731707
1290145,Herbal Essences,"Herbal Essences Aloe & Bamboo Shampoo + Conditioner For Soft Smooth Hair, No Sulphates & Paraben",FEATURED,https://www.nykaa.com/herbal-essences-potent-aloe-bamboo-shampoo-and-conditioner-combo-sulphate-and-paraben-free/p/1290145,1181.0,4.4,1034,40,4.575,0.375
982132,Nykaa Cosmetics,Nykaa Mirror Shine Trousseau Box,,https://www.nykaa.com/nykaa-mirror-shine-trousseau-box/p/982132,1199.0,3.3,334,35,3.4285714285714284,0.9428571428571428
422906,Nykaa Cosmetics,Nykaa Serial Kisser Lip Balm - Pomegranate,,https://www.nykaa.com/nykaa-serial-kisser-lip-balm-pomegranate/p/422906,112.0,4.0,16281,33,5.0,1.0
815797,Nykaa Cosmetics,"Nykaa Moi Fragrance Mini Bar Combo- Amour, Bisous, Joie De Vivre, Raison D'Etre",,https://www.nykaa.com/nykaa-fragrance-mini-bar-combo/p/815797,847.0,4.1,282,32,3.8125,0.4375
1290147,Herbal Essences,"Herbal Essences Aloe & Eucalyptus Shampoo + Aloe & Bamboo Conditioner, No- Sulphates & Paraben",,https://www.nykaa.com/herbal-essences-potent-aloe-eucalyptus-shampoo-and-bamboo-conditioner-sulphate-and-paraben-free/p/1290147,1103.0,4.4,1036,32,4.375,0.5
648655,L'Oreal Paris,L'Oreal Paris x Karl Lagerfeld Lipstick,,https://www.nykaa.com/l-oreal-paris-x-karl-lagerfeld-lipstick/p/648655,750.0,4.1,87,30,4.2,0.5
374238,Nykaa Cosmetics,Nykaa So Matte! Mini Lipstick - 03 Devious Pink,,https://www.nykaa.com/nykaa-so-matte-mini-lipstick-03-devious-pink/p/374238,159.0,4.0,98477,24,4.0,0.0
190741,NYX Professional Makeup,NYX Professional Makeup Ultimate Multi-Finish Shadow Palette,,https://www.nykaa.com/nyx-professional-makeup-ultimate-multi-finish-shadow-palette/p/190741,1725.0,4.1,95,24,4.5,0.875
792460,Nykaa Cosmetics,Nykaa Sun Gaze Holographic Vanity Kit 2,,https://www.nykaa.com/nykaa-sun-gaze-holographic-vanity-kit-2/p/792460,638.0,3.7,154,22,3.727272727272727,1.0
3840762,Nykaa Cosmetics,Nykaa Cosmetics Get Set Matte Liquid Lipstick Duo - G.O.A.T + LIT,,https://www.nykaa.com/nykaa-liquid-lipstick-duo/p/3840762,450.0,4.1,42,22,4.590909090909091,0.0
1135934,Herbal Essences,Herbal Essences Argan 2 Shampoo + Conditioner,,https://www.nykaa.com/herbal-essences-argan-2-shampoo-conditioner/p/1135934,1295.0,4.3,9506,21,4.809523809523809,0.0
60541,Olay,Olay Total Effects 7 In One Anti-Ageing Day Cream Normal SPF 15,,https://www.nykaa.com/olay-total-effects-7-in-one-anti-ageing-cream-normal-day-spf-15/p/60541,375.0,3.9,99,21,4.0476190476190474,1.0
376843,Nykaa Cosmetics,Nykaa Wedding Lotus Gift Box,,https://www.nykaa.com/nykaa-lotus-gift-box/p/376843,250.0,3.7,275,17,4.764705882352941,0.4117647058823529
774771,Nykaa Naturals,Nykaa 3 Ply Mask With Face Shield,,https://www.nykaa.com/nykaa-3-ply-mask-with-face-shield/p/774771,45.0,2.8,115,17,2.0,0.8823529411764706
1135935,Herbal Essences,Herbal Essences Strawberry 2 Shampoo + Conditioner,,https://www.nykaa.com/herbal-essences-argan-2-shampoo-conditioner/p/1135935,1295.0,4.1,2669,16,4.75,0.0
1287936,Maybelline New York,Maybelline New York Liner & Palette Combo: Blushed Look,,https://www.nykaa.com/maybelline-new-york-liner-palette-combo-blushed-look/p/1287936,1549.0,4.1,13951,14,4.785714285714286,0.0
2645329,Nykaa Naturals,Nykaa Tea Tree & Salicylic Acid Spot Patch + Nykaa Tea Tree & Neem Face Wash,,https://www.nykaa.com/nykaa-tea-tree-salicylic-acid-spot-patch-nykaa-tea-tree-neem-face-wash/p/2645329,179.0,3.8,8226,13,4.615384615384615,0.0
1135936,Herbal Essences,Herbal Essences Coconut 2 Shampoo + Conditioner,,https://www.nykaa.com/herbal-essences-argan-2-shampoo-conditioner/p/1135936,1295.0,4.3,3213,13,4.769230769230769,0.0
1287915,Maybelline New York,Maybelline New York Bold & Nude - Eye Combo,,https://www.nykaa.com/maybelline-new-york-bold-nude-eye-combo/p/1287915,1448.0,4.1,11151,12,4.833333333333333,0.0
4749403,Maybelline New York,Maybelline New York Fit Me Compact Powder,,https://www.nykaa.com/maybelline-new-york-fit-me-compact-powder/p/4749403,450.0,3.9,52,12,4.666666666666667,0.0
1135937,Herbal Essences,Herbal Essences Cocoa Butter 2 Shampoo + Conditioner,,https://www.nykaa.com/herbal-essences-argan-2-shampoo-conditioner/p/1135937,1295.0,4.4,1933,12,4.916666666666667,0.0
2645328,Nykaa Naturals,Nykaa Tea Tree & Salicylic Acid Spot Patch for Pimple Care - Pack Of 2,,https://www.nykaa.com/nykaa-tea-tree-salicylic-acid-spot-patch-pack-of-2/p/2645328,170.0,3.8,8310,12,2.5,0.5833333333333334
648660,L'Oreal Paris,L'Oreal Paris Le Bar Powder Blush - 8 City Explorer,,https://www.nykaa.com/l-oreal-paris-le-bar-shimmer-blush-8-city-explorer/p/648660,509.0,4.1,56,12,4.083333333333333,1.0
646041,Nykaa Cosmetics,Nykaa Mirror Shine Trousseau Box - Rose Gold,,https://www.nykaa.com/nykaa-mirror-shine-trousseau-box-rose-gold/p/646041,1599.0,3.3,334,11,4.181818181818182,1.0
457014,Lakme,Lakme Blush & Glow Lemon Freshness Gel Face Wash,,https://www.nykaa.com/lakme-blush-glow-lemon-freshness-gel-face-wash-with-lemon-extracts/p/457014,115.0,4.0,144,11,3.4545454545454546,0.8181818181818182
2722174,Nykaa Naturals,Nykaa Naturals Anti-Pigmentation & De-tanning Face Wash Combo - Papaya +Sandalwood & Orange Peel,,https://www.nykaa.com/nykaa-naturals-anti-pigmentation-de-tanning-face-wash-combo/p/2722174,195.0,3.8,27,11,4.818181818181818,0.0
3955543,Nykaa Naturals,"Nykaa Naturals Apple Cider Vinegar & Ginger Hair Oil, Shampoo And Conditioner - Anti Dandruff Combo",,https://www.nykaa.com/nykaa-naturals-apple-cider-vinegar-ginger-anti-dandruff-hair-oil-shampoo-and-conditioner-combo/p/3955543,978.0,4.1,761,10,4.9,0.0
422909,Nykaa Cosmetics,Nykaa Serial Kisser Lip Balm - Pinacolada,,https://www.nykaa.com/nykaa-serial-kisser-lip-balm-pinacolada/p/422909,127.0,4.0,16264,10,4.5,0.0
4996628,Nykaa Cosmetics,Nykaa Cosmetics All Day Matte Long Wear Foundation + Compact - Beige,,https://www.nykaa.com/nykaa-cosmetics-all-day-matte-long-lasting-foundation-compact-beige/p/4996628,742.0,3.7,35,10,4.9,0.0
2645330,Nykaa Naturals,Nykaa Tea Tree & Salicylic Acid Spot Patch + Nykaa Sandalwood & Orange Peel Face Wash,,https://www.nykaa.com/nykaa-tea-tree-salicylic-acid-spot-patch-nykaa-sandalwood-orange-peel-face-wash/p/2645330,179.0,3.8,8223,10,4.6,0.0
3955547,Nykaa Naturals,"Nykaa Naturals Apple Cider Vinegar & Ginger Anti-dandruff Oil, Shampoo, Conditioner & Wrap Combo",,https://www.nykaa.com/nykaa-naturals-apple-cider-vinegar-ginger-anti-dandruff-hair-oil-shampoo-conditioner-hair-wrap-combo/p/3955547,1232.0,4.1,759,10,4.9,0.0
127349,Nykaa Cosmetics,Nykaa Prove Your Point Cosmetic Sharpener! - 6112,,https://www.nykaa.com/nykaa-prove-your-point-cosmetic-sharpener-6112/p/127349,149.0,4.0,109,9,4.0,1.0
3753166,Herbal Essences,"Herbal Essences Aloe & Bamboo Shampoo + Conditioner Kit For Soft Hair, Sulphate & Paraben Free",FEATURED,https://www.nykaa.com/herbal-essences-soha-aloe-bamboo-shampoo-conditioner-kit-for-soft-hair-sulphate-paraben-free/p/3753166,945.0,4.3,65,9,3.6666666666666665,1.0
461916,Nykaa Cosmetics,Nykaa So Matte! Mini Lipstick - 01 Notorious Red,,https://www.nykaa.com/nykaa-so-matte-mini-lipstick-01-notorious-red/p/461916,159.0,4.0,98477,9,3.888888888888889,0.0
995305,Lakme,Lakme Eye-conic Eyes Combo,,https://www.nykaa.com/lakme-eye-conic-eyes-combo-pink-friday-nov2020-slash-save/p/995305,630.0,3.9,9648,9,3.0,0.2222222222222222
1366625,Nykaa Naturals,Nykaa Naturals Apple Cider Vinegar & Ginger Shampoo & Hair Mask,,https://www.nykaa.com/nykaa-naturals-apple-cider-vinegar-ginger-shampoo-hair-mask/p/1366625,749.0,4.0,387,9,4.444444444444445,0.0
2722155,Nykaa Naturals,Nykaa Naturals Calming Face Wash + Nykaa Tea Tree & Salicylic Acid Spot Patch,,https://www.nykaa.com/nykaa-naturals-calming-face-wash-nykaa-tea-tree-salicylic-acid-spot-patch/p/2722155,203.0,3.8,8221,8,4.25,0.0
2645340,Nykaa Naturals,Nykaa Tea Tree & Salicylic Acid Spot Patch for Pimple Care - Pack Of 10,,https://www.nykaa.com/nykaa-tea-tree-salicylic-acid-spot-patch-pack-of-10/p/2645340,850.0,3.8,8228,8,3.875,0.0
61305,Olay,Olay White Radiance Day & Night Cream for Brightening and Glow,,https://www.nykaa.com/olay-white-radiance-day-and-night-brigthening-intensive-regime/p/61305,2378.0,4.0,55,8,3.125,0.625
513815,Nykaa Cosmetics,Masaba By Nykaa - You Croc My World Lipstick & Nail Enamel Combo,,https://www.nykaa.com/masaba-by-nykaa-you-croc-my-world-lipstick-nail-enamel-combo/p/513815,559.0,3.7,30,8,4.0,0.0
3955545,Nykaa Naturals,"Nykaa Naturals Apple Cider Vinegar & Ginger Anti-dandruff Hair Oil, Shampoo And Hair Mask Combo",,https://www.nykaa.com/nykaa-naturals-apple-cider-vinegar-ginger-anti-dandruff-hair-oil-shampoo-and-hair-mask-combo/p/3955545,1118.0,4.0,449,8,4.5,0.0
2645331,Nykaa Naturals,Nykaa Tea Tree & Salicylic Acid Spot Patch + Nykaa Saffron & Honey Face Wash,,https://www.nykaa.com/nykaa-tea-tree-salicylic-acid-spot-patch-nykaa-saffron-honey-face-wash/p/2645331,203.0,3.8,8224,8,4.375,0.0
3955548,Nykaa Naturals,"Nykaa Naturals Apple Cider Vinegar & Ginger Anti-Dandruff Oil, Shampoo, Mask & Wrap Combo",,https://www.nykaa.com/nykaa-naturals-apple-cider-vinegar-ginger-anti-dandruff-hair-oil-shampoo-hair-mask-hair-wrap-combo/p/3955548,1362.0,4.0,449,7,4.714285714285714,0.0
2722144,Nykaa Naturals,Nykaa Naturals Anti-pigmentation Face Wash + Nykaa Tea Tree & Salicylic Acid Spot Patch,,https://www.nykaa.com/nykaa-naturals-anti-pigmentation-face-wash-nykaa-tea-tree-salicylic-acid-spot-patch/p/2722144,167.0,3.8,8221,7,4.285714285714286,0.0
1498580,Nykaa Naturals,Nykaa Naturals Onion & Fenugreek + Apple Cider & Vinegar + Amla & Curry Leaves Shampoo - Pack of 3,,https://www.nykaa.com/nykaa-naturals-amla-curry-leaves-anti-hair-onion-fenugreek-apple-cider-vinegar-shampoo/p/1498580,838.0,4.1,811,7,4.428571428571429,0.0
784422,Nykaa Naturals,Nykaa Face and Eye Shield Mask,,https://www.nykaa.com/nykaa-face-and-eye-shield-mask/p/784422,239.0,3.2,26,7,2.0,1.0
594425,Herbal Essences,Herbal Essences Argan Oil Of Moroccan Shampoo & Conditioner With Free Neem Comb,,https://www.nykaa.com/slash-save-herbal-essences-argan-shampoo-and-conditioner-kit/p/594425,750.0,4.3,11761,6,5.0,0.0
2722169,Nykaa Naturals,Nykaa Naturals Calming & De-tanning Face Wash Combo,,https://www.nykaa.com/nykaa-naturals-calming-de-tanning-face-wash-combo/p/2722169,195.0,3.9,8,6,4.833333333333333,0.0
739418,Olay,Olay Regenerist Whip Mini and Ultimate Eye Cream Combo,,https://www.nykaa.com/olay-regenerist-whip-mini-and-ultimate-eye-cream-combo/p/739418,1943.0,4.0,792,6,5.0,0.0
2645336,Nykaa Naturals,Nykaa Tea Tree & Salicylic Acid Spot Patch + Nykaa Rice Water & Vitamin C Sleeping Mask,,https://www.nykaa.com/nykaa-tea-tree-salicylic-acid-spot-patch-nykaa-rice-water-vitamin-c-sleeping-mask/p/2645336,206.0,3.8,8222,6,4.0,0.0
781070,Olay,Olay Ultra Lightweight Moisturiser: Luminous Whip Day Cream (non SPF),,https://www.nykaa.com/olay-ultra-lightweight-moisturiser-luminous-whip-day-cream-non-spf/p/781070,1599.0,4.1,43,6,3.3333333333333335,1.0
860860,Lakme,Lakme Absolute Illuminating Blush Shimmer Brick - In Pink + Eyeconic Curling Mascara - Black Combo,,https://www.nykaa.com/lakme-absolute-illuminating-blush-shimmer-brick-in-pink-eyeconic-curling-mascara-black-combo/p/860860,976.0,4.1,1456,6,5.0,0.0
6057747,Maybelline New York,Maybelline New York Colossal Mascara With 2 Free Sensational Liquid Matte Mini - Best Babe,,https://www.nykaa.com/maybelline-new-york-colossal-mascara-with-2-free-sensational-liquid-matte-mini-best-babe/p/6057747,399.0,4.1,45,6,4.666666666666667,1.0
1058010,Nykaa Naturals,Nykaa Facial Ice Globes for Depuffing & Skin Tightening,,https://www.nykaa.com/nykaa-facial-ice-globes-blue/p/1058010,2774.0,3.9,74,6,3.1666666666666665,1.0
3446264,Nykaa Cosmetics,Nykaa So Matte! Mini Lipstick - 17 M Cranberry Sangria,,https://www.nykaa.com/nykaa-so-matte-mini-lipstick-17-m-cranberry-sangria/p/3446264,199.0,4.0,88,5,3.8,1.0
376841,Nykaa Cosmetics,Nykaa Wedding Jasmine Gift Box,,https://www.nykaa.com/nykaa-jasmine-gift-box/p/376841,250.0,3.8,68,5,4.8,1.0
2722163,Nykaa Naturals,Nykaa Naturals Anti-pigmentation & Radiant Skin Face Wash Combo,,https://www.nykaa.com/nykaa-naturals-anti-pigmentation-radiant-skin-face-wash-combo/p/2722163,195.0,4.1,21,5,5.0,0.0
376842,Nykaa Cosmetics,Nykaa Wedding Moringa Gift Box,,https://www.nykaa.com/nykaa-moringa-gift-box/p/376842,250.0,3.7,76,5,3.8,1.0
23694,Olay,Olay Total Effects 7 In One Day Cream Normal SPF 15 (Trial Size) 8gm,,https://www.nykaa.com/olay-total-effects-7-in-one-day-cream-normal-spf-15-trial-size/p/23694,160.0,4.1,68,5,4.6,1.0
1485843,Nykaa Naturals,Nykaa Naturals Ice Roller for De-puffing and Face Toning Massage - Pink,,https://www.nykaa.com/nykaa-naturals-ice-roller-for-de-puffing-and-face-toning-massage-pink/p/1485843,1124.0,3.7,125,5,1.6,1.0
2722149,Nykaa Naturals,Nykaa Naturals Radiance Face Wash + Nykaa Tea Tree & Salicylic Acid Spot Patch,,https://www.nykaa.com/nykaa-naturals-radiance-face-wash-nykaa-tea-tree-salicylic-acid-spot-patch/p/2722149,203.0,3.8,8219,5,4.2,0.0
2645338,Nykaa Naturals,Nykaa Anti Acne Combo (Spot Patch + Face Wash + Sleeping Mask),,https://www.nykaa.com/nykaa-tea-tree-salicylic-acid-spot-patch-nykaa-tea-tree-neem-face-wash-nykaa-tea-tree-aloe-vera-sleeping-mask/p/2645338,311.0,3.8,8223,5,4.6,0.0
4970778,Kay Beauty,Kay Beauty Glittery Glam Nails Look With Kay Beauty Nail Enamel Nail Polish,,https://www.nykaa.com/kay-beauty-glittery-glam-nails-look-with-kay-beauty-nail-enamel-nail-polish/p/4970778,356.0,4.7,9,5,4.8,0.0
2777822,Nykaa Naturals,Nykaa Naturals 4 Shampoo Combo-Onion+Apple Cider Vinegar+Amla & Curry Leaves+Fermented Rice Water,,https://www.nykaa.com/nykaa-naturals-anti-dandruff-hair-growth-anti-hair-fall-and-dry-damaged-hair-repair-shampoo-combo/p/2777822,1037.0,4.1,928,5,4.2,0.0
1217419,Nykaa Naturals,Nykaa Naturals Apple Cider Vinegar & Ginger Shampoo - Pack of 3,,https://www.nykaa.com/nykaa-naturals-apple-cider-vinegar-ginger-shampoo-pack-of-3/p/1217419,838.0,3.9,257,5,4.4,0.0
3772408,Kay Beauty,Kat's Bold Night Look - Kay Beauty Matte Lipstick & Liquid Eyeliner,,https://www.nykaa.com/kat-s-bold-night-look-kay-beauty-matte-lipstick-liquid-eyeliner/p/3772408,1273.0,4.0,6,5,3.8,0.0
575926,Olay,Olay Ultimate Skin Regimen Kit,,https://www.nykaa.com/olay-ultimate-eye-cream-with-total-effect-uv-day-50g-total-effect-night-cream-20g/p/575926,2947.0,4.1,920,5,4.0,0.4
4692430,Nykaa Cosmetics,Nykaa Cosmetics Mini Skinshield Anti-pollution Matte Foundation - Very Vanilla 02,,https://www.nykaa.com/nykaa-cosmetics-mini-skinshield-anti-pollution-matte-foundation-very-vanilla-02/p/4692430,169.0,4.1,101,5,4.0,1.0
2645335,Nykaa Naturals,Nykaa Tea Tree & Salicylic Acid Spot Patch + Nykaa Retinol & Hyaluronic Acid Sleeping Mask,,https://www.nykaa.com/nykaa-tea-tree-salicylic-acid-spot-patch-nykaa-retinol-hyaluronic-acid-sleeping-mask/p/2645335,206.0,3.8,8220,5,4.0,0.0
2722137,Nykaa Naturals,Nykaa Naturals Hydrating Face Wash + Nykaa Tea Tree & Salicylic Acid Spot Patch,,https://www.nykaa.com/nykaa-naturals-hydrating-face-wash-nykaa-tea-tree-salicylic-acid-spot-patch/p/2722137,203.0,3.8,8220,5,4.0,0.0
3955542,Nykaa Naturals,Nykaa Naturals Apple Cider Vinegar & Ginger Anti-dandruff Hair Oil And Shampoo Combo,,https://www.nykaa.com/nykaa-naturals-apple-cider-vinegar-ginger-anti-dandruff-hair-oil-and-shampoo-combo/p/3955542,749.0,4.0,321,4,4.5,0.0
3446267,Nykaa Cosmetics,Nykaa Ultra Matte Mini- Marilyn - 10,,https://www.nykaa.com/nykaa-ultra-matte-mini-marilyn/p/3446267,239.0,4.1,27,4,3.75,1.0
4970783,Kay Beauty,Kay Beauty Lip & Cheek Combo,,https://www.nykaa.com/kay-beauty-kay-beauty-lip-cheek-combo/p/4970783,1358.0,4.8,6,4,4.75,0.0
1474701,Nykaa Naturals,Nykaa Naturals CleanTouch 2 in 1 Face Brush & Massager for Deep Cleansing & Exfoliation,FEATURED,https://www.nykaa.com/nykaa-cleantouch-facial-cleansing-brush/p/1474701,1799.0,3.9,240,4,2.0,0.0
4039424,Nykaa Naturals,Nykaa Naturals Calming Face Wash + Tea Tree & Salicylic Acid Spot Patch + Witch Hazel & AHA Sleeping Mask,,https://www.nykaa.com/nykaa-naturals-calming-face-wash-tea-tree-salicylic-acid-spot-patch-witch-hazel-aha-sleeping-mask/p/4039424,311.0,3.8,8218,4,4.75,0.0
7308001,L'Oreal Paris,L'Oreal Paris Glycolic Bright Day Regime,"FEATURED, NEW",https://www.nykaa.com/l-oreal-paris-glycolic-bright-day-regime/p/7308001,1102.0,4.0,4,4,3.75,0.0
3494211,Nykaa Naturals,Nykaa Naturals Reetha & Shikakai Shampoo For Dull & Brittle Hair - Pack Of 2,,https://www.nykaa.com/nykaa-naturals-reetha-shikakai-shampoo-for-dull-brittle-hair-pack-of-2/p/3494211,599.0,4.0,49,4,4.5,0.0
3955546,Nykaa Naturals,"Nykaa Naturals Apple Cider Vinegar & Ginger Anti-dandruff Hair Oil, Shampoo And Hair Wrap Combo",,https://www.nykaa.com/nykaa-naturals-apple-cider-vinegar-ginger-anti-dandruff-hair-oil-shampoo-and-hair-wrap-combo/p/3955546,1048.0,4.0,319,3,4.666666666666667,0.0
6836720,Olay,"Olay Aha & Niacinamide Super Cream , Acne Mark & Spot Removal Cream - For All Skin Types",FEATURED,https://www.nykaa.com/olay-aha-niacinamide-super-cream/p/6836720,1399.0,3.8,6,3,3.3333333333333335,1.0
4315900,Nykaa Naturals,Nykaa Love Struck Tender Touch Shower Gel + Body Lotion + Perfume,,https://www.nykaa.com/nykaa-naturals-love-struck-tender-touch-shower-gel-body-lotion-perfume/p/4315900,1118.0,4.0,6,3,5.0,0.0
4719644,Herbal Essences,"Herbal Essences Argan Oil Shampoo & Conditioner For Frizz - No Parabens, No Colourants","FEATURED, BESTSELLER",https://www.nykaa.com/herbal-essences-argan-oil-shampoo-conditioner-for-frizz-no-parabens-no-colourants/p/4719644,533.0,4.7,305,3,4.666666666666667,0.0
3756803,Nykaa Cosmetics,Nykaa Cosmetics Glam Eyes Look-Glamoreyes Coloured Liquid EyelinerChaotic Calypso+Enchanting Forest,,https://www.nykaa.com/glam-eyes-combo/p/3756803,478.0,3.9,320,3,2.0,1.0
5202105,Nykaa Naturals,Nykaa Naturals Apple Cider Vinegar & Ginger Anti-dandruff Hair Oil + Shampoo + Massager Combo,,https://www.nykaa.com/nykaa-naturals-apple-cider-vinegar-ginger-anti-dandruff-hair-oil-shampoo-massager-combo/p/5202105,1048.0,4.0,319,3,4.666666666666667,0.0
3705524,Nykaa Cosmetics,Masaba Signature Kit - Lipstick + Nail Paint + Mini Perfume,,https://www.nykaa.com/masaba-signature-kit-lipstick-nail-paint-mini-perfume/p/3705524,768.0,3.8,22,3,4.333333333333333,0.0
3626216,Nykaa Naturals,Nykaa Love Struck Skip A Beat Body Lotion + Perfume,,https://www.nykaa.com/nykaa-love-struck-skip-a-beat-body-lotion-perfume/p/3626216,779.0,3.9,10,3,5.0,0.0
3621135,Kay Beauty,Kay Beauty Matte Lips Combo - Lip Crayon - Wee Hours & Matte Lipstick - Backstage,,https://www.nykaa.com/kay-beauty-matte-lips-combo-lip-crayon-wee-hours-matte-lipstick-backstage/p/3621135,1438.0,4.0,6,3,4.666666666666667,0.0
2645334,Nykaa Naturals,Nykaa Tea Tree & Salicylic Acid Spot Patch + Nykaa Tea Tree & Aloe Vera Sleeping Mask,,https://www.nykaa.com/nykaa-tea-tree-salicylic-acid-spot-patch-nykaa-tea-tree-aloe-vera-sleeping-mask/p/2645334,206.0,3.8,8219,3,4.333333333333333,0.0
3446266,Nykaa Cosmetics,Nykaa Ultra Matte Mini- Cher 14,,https://www.nykaa.com/nykaa-ultra-matte-mini-cher/p/3446266,239.0,4.0,35,3,3.6666666666666665,1.0
2809976,Nykaa Naturals,Nykaa Naturals Calming Face Wash + Face Scrub + Clay It Cool Oil Control Clay Mask,,https://www.nykaa.com/nykaa-naturals-calming-face-wash-face-scrub-clay-it-cool-oil-control-clay-mask/p/2809976,691.0,3.6,7,3,4.666666666666667,0.0
461917,Nykaa Cosmetics,Nykaa So Matte! Mini Lipstick - 37 M Beachy Peachy,,https://www.nykaa.com/nykaa-so-matte-mini-lipstick-37-m-beachy-peachy/p/461917,159.0,4.0,98477,3,5.0,0.0
771559,L'Oreal Paris,L'Oreal Paris Hair Colour Protection Combo - Casting Creme Gloss Hair Colour 400 Dark Brown + Magic Retouch,,https://www.nykaa.com/nylpbndl00486/p/771559,929.0,3.9,190,3,4.0,0.0
1285508,Nykaa Naturals,Nykaa Naturals 2 in 1 Vibrating Face Roller With Under Eye Massager - Green Jade,,https://www.nykaa.com/nykaa-electric-rollers-green-jade/p/1285508,2309.0,3.7,43,3,5.0,1.0
1473807,Nivea,Nivea Naturally Good Care Box,,https://www.nykaa.com/nivea-naturally-good-care-box/p/1473807,1078.0,3.7,72,3,4.0,1.0
1485845,Nykaa Naturals,Nykaa Naturals Ice Roller for De-puffing and Face Toning Massage - Blue,,https://www.nykaa.com/nykaa-naturals-ice-roller-for-de-puffing-and-face-toning-massage-blue/p/1485845,1124.0,3.7,125,3,5.0,1.0
1502904,Nykaa Naturals,"Nykaa Naturals Apple Cider Vinegar & Ginger Shampoo, Conditioner & Hair Wrap - Anti Dandruff Combo",,https://www.nykaa.com/nykaa-naturals-apple-cider-vinegar-ginger-anti-dandruff-shampoo-conditioner-and-towel/p/1502904,908.0,4.1,689,3,4.666666666666667,0.0
1502905,Nykaa Naturals,"Nykaa Apple Cider Vinegar & Ginger Anti-Dandruff Shampoo,Conditioner,Hair Mask and Wrap Combo",,https://www.nykaa.com/nykaa-naturals-apple-cider-vinegar-ginger-anti-dandruff-shampoo-conditioner-hair-mask-and-towel/p/1502905,1232.0,4.1,811,3,4.333333333333333,0.0
2722154,Nykaa Naturals,Nykaa Naturals Calming Face Wash + Nykaa Clay It Cool Oil Control Clay Mask,,https://www.nykaa.com/nykaa-naturals-calming-face-wash-nykaa-clay-it-cool-oil-control-clay-mask/p/2722154,517.0,3.3,6,3,4.666666666666667,0.0
2722162,Nykaa Naturals,Nykaa Naturals Anti-pigmentation & Purifying Skin Face Wash Combo,,https://www.nykaa.com/nykaa-naturals-anti-pigmentation-purifying-skin-face-wash-combo/p/2722162,209.0,3.7,9,3,4.666666666666667,0.0
2809493,Kay Beauty,Kay Beauty Paint Your Mood Nail Enamel Combo,,https://www.nykaa.com/kay-beauty-paint-your-mood-nail-enamel-combo/p/2809493,506.0,3.8,4,3,4.666666666666667,0.0
7749427,Maybelline New York,Maybelline New York Super Stay Matte Ink Liquid Lipstick Birthday Collection,NEW,https://www.nykaa.com/maybelline-new-york-super-stay-matte-ink-liquid-lipstick-390-life-of-the-party/p/7749427,559.0,4.1,30,3,4.0,1.0
4639701,Lakme,Lakme Peach Milk Moisturizer Spf 24 Pa++,,https://www.nykaa.com/lakme-peach-milk-moisturizer-spf-24-pa/p/4639701,449.0,3.9,10,2,4.0,1.0
2645339,Nykaa Naturals,Nykaa Tea Tree & Salicylic Acid Spot Patch for Pimple Care - Pack Of 5,,https://www.nykaa.com/nykaa-tea-tree-salicylic-acid-spot-patch-pack-of-5/p/2645339,425.0,3.8,8231,2,5.0,1.0
1356977,Nykaa Naturals,Retinol & Hyaluronic Acid Sleeping Mask for Intense Hydration - Pack of 2,,https://www.nykaa.com/retinol-hyaluronic-acid-sleeping-mask-pack-of-2/p/1356977,245.0,4.1,39,2,2.0,0.5
1181100,Nykaa Cosmetics,Nykaa Serial Kisser Lip Balm Combo - Strawberry & Raspberry,,https://www.nykaa.com/nykaa-serial-kisser-strawberry-raspberry-lip-balm-combo/p/1181100,209.0,4.0,332,2,1.5,1.0
1485844,Nykaa Naturals,Nykaa Naturals Ice Roller for De-puffing and Face Toning Massage - Lavender,,https://www.nykaa.com/nykaa-naturals-ice-roller-for-de-puffing-and-face-toning-massage-lavender/p/1485844,1124.0,3.7,125,2,5.0,1.0
3445855,Nykaa Cosmetics,Nykaa Nail Enamel Combos- Barefoot Stroll + Purple Unicorn + Hasta La Pista Creme,,https://www.nykaa.com/nykaa-barefoot-stroll-purple-unicorn-hasta-la-pista-creme-nail-enamel-combos/p/3445855,483.0,4.1,248,2,4.5,0.0
4719645,Herbal Essences,"Herbal Essences Strawberry Shampoo & Conditioner For Voluminous Hair - No Parabens, No Colourants","FEATURED, BESTSELLER",https://www.nykaa.com/herbal-essences-strawberry-shampoo-conditioner-for-voluminous-hair-no-parabens-no-colourants/p/4719645,533.0,4.7,304,2,4.5,1.0
1485846,Nykaa Naturals,Nykaa Naturals Jade Comb For Hair Growth And Scalp Health - Green Jade,,https://www.nykaa.com/nykaa-naturals-jade-comb-with-free-cold-pressed-oil-for-hair-growth-and-scalp-health-green-jade/p/1485846,1889.0,3.7,7,2,5.0,1.0
139814,Nykaa Cosmetics,Nykaa SKINgenius Skin Perfecting & Hydrating Matte Powder Compact,,https://www.nykaa.com/nykaa-skingenius-skin-perfecting-hydrating-matte-powder-compact/p/139814,368.0,4.1,4910,2,5.0,0.0
4641579,Nykaa Cosmetics,Nykaa Cosmetics Trending Neons Matte Nail Enamel - Cherry Pop + Lemonade Fizz + Pink Lemonade,,https://www.nykaa.com/nykaa-cosmetics-trending-neons-nail-enamel-combo/p/4641579,448.0,4.1,308,2,2.5,1.0
5694317,Nykaa Cosmetics,Nykaa Cosmetics Eyes On Me ! 4 In 1 Quad Eyeshadow Palette Desk To Date + Night Out,,https://www.nykaa.com/nykaa-cosmetics-eyes-on-me-4-in-1-quad-eyeshadow-palette-desk-to-date-night-out/p/5694317,558.0,4.0,2,2,4.0,0.0
4613635,Nykaa Cosmetics,Nykaa Cosmetics Best Of Matte To Last In Minis- Janhvi + Madras Kaapi + Maharani,,https://www.nykaa.com/nykaa-cosmetics-best-of-matte-to-last-in-minis/p/4613635,574.0,4.1,121,2,4.5,1.0
3652978,Nykaa Cosmetics,Nykaa Cosmetics BlendPro Highlighting Fan Makeup Brush & Foundation Makeup Brush Combo,,https://www.nykaa.com/nykaa-blendpro-highlighting-fan-makeup-brush-foundation-makeup-brush-combo/p/3652978,674.0,4.1,2305,2,5.0,0.0
4996634,Nykaa Cosmetics,Nykaa Prep Me Up Primer + All Day Matte Foundation Perfect Your Base Combo,,https://www.nykaa.com/nykaa-cosmetics-prep-me-up-primer-all-day-matte-foundation-perfect-your-base-combo/p/4996634,1078.0,3.7,3,2,5.0,0.0
6599374,Kay Beauty,Kay Beauty Cocktail Hour Combo - Gel Eye Pencils In Gold & Olive,,https://www.nykaa.com/kay-beauty-cocktail-hour-combo-gel-eye-pencils-in-gold-olive/p/6599374,1018.0,3.0,4,2,5.0,0.0
7066986,Maybelline New York,Maybelline New York Sensational Liquid Matte Minis Pack Of 3,,https://www.nykaa.com/maybelline-new-york-sensational-liquid-matte-minis-pack-of-3-na/p/7066986,285.0,3.8,49,2,4.5,1.0
4060539,Nykaa Naturals,Nykaa Naturals Clay It Cool Daily Detox Clay Mask + Perfect Glow Clay Mask for Supple Skin,,https://www.nykaa.com/nykaa-naturals-clay-it-cool-daily-detox-clay-mask-perfect-glow-clay-mask/p/4060539,899.0,3.8,5,2,4.0,0.0
6604347,Herbal Essences,Herbal Essences Strawberry Shampoo + Strawberry Conditioner,,https://www.nykaa.com/herbal-essences-strawberry-shampoo-strawberry-conditioner/p/6604347,667.0,4.1,1985,2,3.5,0.0
6604346,Herbal Essences,Herbal Essences Argan Shampoo + Argan Conditioner,,https://www.nykaa.com/herbal-essences-argan-shampoo-argan-conditioner/p/6604346,667.0,4.2,6170,2,5.0,0.0
2809991,Nykaa Naturals,Nykaa Naturals De-tanning Face Wash + Face Scrub + Clay It Cool Daily Detox Clay Mask,,https://www.nykaa.com/nykaa-naturals-de-tanning-face-wash-face-scrub-clay-it-cool-daily-detox-clay-mask/p/2809991,691.0,4.0,2,2,4.0,0.0
6565374,Lakme,Lakme Matte Ultimate Festive Lips Combo,,https://www.nykaa.com/lakme-matte-ultimate-festive-lips-combo/p/6565374,1650.0,4.1,35,2,5.0,0.0
6599375,Kay Beauty,Kay Beauty Shine On Combo - Gel Eye Pencils In Bronze & Green,,https://www.nykaa.com/kay-beauty-shine-on-combo-gel-eye-pencils-in-bronze-gold/p/6599375,1018.0,4.0,1,1,4.0,0.0
461910,Nykaa Cosmetics,Nykaa So Matte! Mini Lipstick - 45 M Dirty Peach,,https://www.nykaa.com/nykaa-so-matte-mini-lipstick-45-m-dirty-peach/p/461910,169.0,4.0,98477,1,5.0,1.0
1171873,Nykaa Naturals,Nykaa Naturals Apple Cider Vinegar & Ginger Shampoo - Pack of 2,,https://www.nykaa.com/nykaa-naturals-apple-cider-vinegar-ginger-shampoo-pack-of-2/p/1171873,599.0,3.9,268,1,1.0,1.0
3597383,Nykaa Cosmetics,Nykaa Cosmetics Gel Shine Manicure- Nail Lacquer + Nail Care + Nail Enamel Remover,,https://www.nykaa.com/nykaa-cosmetics-gel-shine-manicure/p/3597383,798.0,3.8,3501,1,5.0,0.0
1134707,NYX Professional Makeup,NYX Professional Makeup Diamonds & Ice - Please Setting Spray Kit,,https://www.nykaa.com/nyx-professional-makeup-diamonds-ice-please-setting-spray-kit/p/1134707,1999.0,3.7,12,1,2.0,1.0
540693,Nykaa Cosmetics,Nykaa Get Set Matte! Demi Matte Lip Cream Liquid Lipstick - BASIC,,https://www.nykaa.com/nykaa-get-set-matte-demi-matte-lip-cream-basic/p/540693,450.0,3.8,11818,1,3.0,0.0
3597385,Nykaa Cosmetics,Nykaa Cosmetics Pastel Manicure Kit,,https://www.nykaa.com/nykaa-cosmetics-pastel-manicure-kit/p/3597385,736.0,3.8,3669,1,3.0,0.0
5525816,NYX Professional Makeup,NYX Professional Makeup Must Haves - Tinted Brow Mascara Espresso & Soft Matte Lip Cream Copenhagen,,https://www.nykaa.com/nyx-professional-makeup-must-haves-tinted-brow-mascara-espresso-soft-matte-lip-cream-copenhagen/p/5525816,699.0,3.7,1187,1,5.0,0.0
6599370,Kay Beauty,Kay Beauty Island Vibes Combo - Gel Eye Pencils In Blue & Green,,https://www.nykaa.com/kay-beauty-island-vibes-combo-gel-eye-pencils-in-blue-green/p/6599370,1018.0,4.0,1,1,4.0,0.0
301196,L'Oreal Paris,L'Oreal Paris Casting Creme Gloss Hair Color - 316 + Magic Retouch Instant Root Concealer - 2 Dark Brown,,https://www.nykaa.com/l-oreal-paris-casting-creme-gloss-hair-color-316-plum-magic-retouch-instant-root-concealer-2-dark-brown/p/301196,929.0,3.7,150,1,5.0,0.0
5880612,Nykaa Cosmetics,Nykaa Glamoreyes Coloured Liquid Eyeliner & Pencil Duo - Chaotic Calypso + Jade Jinx,,https://www.nykaa.com/nykaa-cosmetics-glamoreyes-coloured-liquid-eyeliner-pencil-duo-chaotic-calypso-jade-jinx/p/5880612,637.0,3.9,232,1,5.0,0.0
5177218,Nykaa Cosmetics,Nykaa Cosmetics Blendpro Powder Brushes Combo,,https://www.nykaa.com/nykaa-cosmetics-blendpro-powder-brushes-combo/p/5177218,909.0,4.1,1359,1,5.0,0.0
513866,Nykaa Cosmetics,Masaba By Nykaa - Face Palm Lipstick & Nail Enamel Combo,,https://www.nykaa.com/masaba-by-nykaa-face-palm-lipstick-nail-enamel-combo/p/513866,559.0,4.1,43,1,2.0,1.0
551014,Nykaa Cosmetics,Nykaa Strobe & Glow Liquid Highlighter - Glazed Bronze,,https://www.nykaa.com/nykaa-strobe-glow-liquid-highlighter-glazed-bronze/p/551014,594.0,4.1,8720,1,5.0,1.0
5880614,Nykaa Cosmetics,Nykaa Bestsellers - So Creme Lipstick - Wakeup Makeup + All Day Matte Liquid Lipstick - Soul Sister,,https://www.nykaa.com/nykaa-cosmetics-bestseller-so-creme-lipstick-wakeup-makeup-all-day-matte-liquid-lipstick-soul-sister/p/5880614,551.0,3.8,8,1,5.0,0.0
3756794,Nykaa Cosmetics,Masaba's Fiery Orange Look- Lipstick + Nail enamel- Can't Deal,,https://www.nykaa.com/masaba-s-fiery-orange-combo/p/3756794,399.0,3.5,11,1,4.0,0.0
3621132,Kay Beauty,Get Party Ready With Kay Beauty Lip Liner - Dance Off & Matte Lipstick - Premier,,https://www.nykaa.com/get-party-ready-with-kay-beauty-lip-liner-dance-off-matte-lipstick-premier/p/3621132,1394.0,4.0,1,1,4.0,0.0
4996626,Nykaa Cosmetics,Nykaa All Day Matte Long Wear Foundation + Compact - Ivory,,https://www.nykaa.com/nykaa-cosmetics-all-day-matte-long-lasting-foundation-compact-ivory/p/4996626,742.0,3.2,5,1,5.0,0.0
2809496,Kay Beauty,Kay Beauty Nail Nourish Nail Emanel Combo - Carnival & Wine Berry,,https://www.nykaa.com/kay-beauty-nail-nourish-nail-emanel-combo-carnival-wine-berry/p/2809496,360.0,4.0,1,1,4.0,0.0
3756792,Nykaa Cosmetics,Nykaa Cosmetics Get Set Matte Look- All Day Matte compact powder- Maple + So Creme Matte Lipstick- Day Dreaming,,https://www.nykaa.com/get-set-matte-combo/p/3756792,393.0,4.1,7,1,4.0,0.0
2809492,Kay Beauty,Kay Beauty Pastel Crush Nail Enamel Combo- Tender Lavender + Aspire + Pink Gem,,https://www.nykaa.com/kay-beauty-pastel-crush-nail-enamel-combo/p/2809492,574.0,3.9,40,1,3.0,1.0
2783917,Kay Beauty,The Ultimate Nude Duo - Kay Beauty Long Stay Matte Lipstick - Debut & Nail Enamel - Nutty 21,,https://www.nykaa.com/the-ultimate-nude-duo-kay-beauty-long-stay-matte-lipstick-debut-nail-enamel-nutty-21/p/2783917,1102.0,4.0,2,1,4.0,0.0
2783911,Kay Beauty,Kay Beauty Matteinee Matte Lip Crayon Lipstick Combo - Rom Com & Wee Hours,,https://www.nykaa.com/kay-beauty-matteinee-matte-lip-crayon-lipstick-combo-rom-com-wee-hours/p/2783911,1438.0,4.1,15,1,5.0,0.0
3705529,Nykaa Cosmetics,Moi Day & Night Fragrance Duo - Bisous + Matin,,https://www.nykaa.com/moi-day-night-fragrance-duo-bisous-matin/p/3705529,423.0,4.1,14,1,5.0,0.0
2722148,Nykaa Naturals,Nykaa Naturals Radiance Face Wash + Nykaa Clay It Cool Perfect Glow Clay Mask,,https://www.nykaa.com/nykaa-naturals-radiance-face-wash-nykaa-clay-it-cool-perfect-glow-clay-mask/p/2722148,517.0,4.0,4,1,5.0,0.0
4060531,Nykaa Naturals,Nykaa Naturals Glow Boosting Skin Potion + Anti- Ageing Skin Potion Face Oil,,https://www.nykaa.com/nykaa-naturals-glow-boosting-skin-potion-anti-ageing-skin-potion-face-oil/p/4060531,1049.0,4.0,1,1,4.0,0.0
4148779,Nykaa Naturals,Nykaa Naturals Charcoal & Bamboo Shampoo And Hair Wrap Combo,,https://www.nykaa.com/nykaa-naturals-charcoal-bamboo-shampoo-and-hair-wrap-combo/p/4148779,723.0,4.0,14,1,5.0,0.0
2722147,Nykaa Naturals,Nykaa Naturals Radiance Face Wash + Rice Water & Vitamin C Sleeping Mask Combo,,https://www.nykaa.com/nykaa-naturals-radiance-face-wash-rice-water-vitamin-c-sleeping-mask-combo/p/2722147,220.0,4.0,3,1,5.0,0.0
2697394,Nykaa Naturals,Nykaa Naturals Charcoal & Bamboo Deep Detox And Cleanse Shampoo - Pack Of 2,,https://www.nykaa.com/nykaa-naturals-charcoal-bamboo-deep-detox-and-cleanse-shampoo-pack-of-2/p/2697394,599.0,4.0,14,1,5.0,0.0
3433811,Nykaa Naturals,Nykaa Vitamin C PM Regime with Skin Secret Rice Water & Vitamin C Sleeping Mask + Facial Ice Globes,,https://www.nykaa.com/nykaa-vitamin-c-pm-regime-with-skin-secret-rice-water-vitamin-c-sleeping-mask-facial-ice-globes/p/3433811,2905.0,3.9,76,1,5.0,0.0
4586552,Lakme,Lakme Perfect Definition Lipliner - Mauve Passion,,https://www.nykaa.com/lakme-perfect-definition-lipliner-mauve-passion/p/4586552,260.0,3.3,13,1,5.0,0.0
4613633,Nykaa Cosmetics,Nykaa Cosmetics So Matte Mini Nude Lipsticks - Bon Bon + Totes Natural + Cinnamon Crunch,,https://www.nykaa.com/nykaa-cosmetics-so-matte-everday-nudes/p/4613633,448.0,3.8,344,1,3.0,1.0
4613636,Nykaa Cosmetics,Nykaa Cosmetics Puckers On With Matte To Last Liquid Lipstick- Begum + Boho + Maithili,,https://www.nykaa.com/nykaa-cosmetics-puckers-on-with-matte-to-last/p/4613636,502.0,2.9,38,1,5.0,0.0
4613638,Nykaa Cosmetics,Nykaa Cosmetics Ultra Matte Lipsticks - Grace + Marilyn + Neferti,,https://www.nykaa.com/nykaa-cosmetics-everyday-mattes-ultra-matte-grace-marilyn-neferti/p/4613638,574.0,4.1,14,1,4.0,0.0
4633369,Colorbar,Colorbar Mogra Mist - Scent Of An India Temple - 001,,https://www.nykaa.com/colorbar-mogra-mist-scent-of-an-india-temple-001/p/4633369,417.0,1.5,2,1,2.0,0.0
3494214,Nykaa Naturals,Nykaa Naturals 5 Shampoo Combo-Onion +Apple Cider Vinegar +Amla +Fermented Rice Water+Reetha,,https://www.nykaa.com/nykaa-naturals-shampoo-combo-5-solutions-to-5-concerns/p/3494214,1297.0,4.1,973,1,5.0,1.0
1502902,Nykaa Naturals,Nykaa Naturals Apple Cider Vinegar & Ginger Anti- Dandruff Shampoo and Hair Wrap Combo,,https://www.nykaa.com/nykaa-naturals-apple-cider-vinegar-ginger-anti-dandruff-shampoo-and-towel/p/1502902,674.0,3.8,251,1,4.0,0.0
2809497,Kay Beauty,Kay Beauty Pastel Perfection Nail Enamel Combo,,https://www.nykaa.com/kay-beauty-pastel-perfection-nail-enamel-combo/p/2809497,360.0,2.7,7,1,1.0,1.0
3445858,Nykaa Cosmetics,Nykaa Cosmetics Breathable Nail Enamel Combo-Easy Nude + Dreamy Dahlia,,https://www.nykaa.com/nykaa-easy-nude-pure-pink-breathable-nail-enamel-combo/p/3445858,318.0,4.0,1,1,4.0,0.0
4749405,Nykaa Cosmetics,Nykaa Cosmetics Breathable Nail Enamel Set Of 4- Downtime Daisy + Lazy Lilac + Sea Breeze+Stay Zen,,https://www.nykaa.com/nykaa-cosmetics-breathable-nail-enamel-set-of-4/p/4749405,637.0,4.0,1,1,4.0,0.0
